-- ══════════════════════════════════════════════════════════════════
-- Seed: reference data + Drakkenheim (test) campaign
-- Generated from frontend mock data
-- ══════════════════════════════════════════════════════════════════

INSERT INTO "User" (id, email, password, name, "createdAt") VALUES
  ('user-gm', 'gm@arcaneledger.app', '$2a$10$Vi8i2R156LbLxdr13dXYwO..Q82dHmSKFJX.RVFbrAZtFN2Pg7bLa', 'Game Master', NOW())
ON CONFLICT (id) DO NOTHING;

-- Location Types
INSERT INTO "LocationType" (id, name, icon, category, "biomeOptions", "isSettlement", builtin, "createdAt") VALUES
  ('plane','Plane','public','world','{}',false,true,NOW()),
  ('city','City','apartment','civilization','{}',true,true,NOW()),
  ('town','Town','location_city','civilization','{}',true,true,NOW()),
  ('village','Village','cottage','civilization','{}',true,true,NOW()),
  ('settlement','Settlement','holiday_village','civilization','{}',true,true,NOW()),
  ('district','District','domain','civilization','{}',false,true,NOW()),
  ('building','Building','house','civilization','{}',false,true,NOW()),
  ('continent','Continent','map','geographic','{}',false,true,NOW()),
  ('region','Region','terrain','geographic',ARRAY['island','peninsula','cape'],false,true,NOW()),
  ('wilderness','Wilderness','forest','geographic',ARRAY['forest','desert','plains','tundra','jungle','badlands','savanna','steppe'],false,true,NOW()),
  ('highland','Highland','landscape','geographic',ARRAY['mountain_range','peak','plateau','valley','pass','cliff'],false,true,NOW()),
  ('ocean','Ocean','waves','water','{}',false,true,NOW()),
  ('river','River','stream','water','{}',false,true,NOW()),
  ('lake','Lake','water','water','{}',false,true,NOW()),
  ('bay','Bay / Gulf','water_full','water','{}',false,true,NOW()),
  ('marsh','Marsh / Bog','grass','water','{}',false,true,NOW()),
  ('delta','Delta','merge','water','{}',false,true,NOW()),
  ('dungeon','Dungeon','skull','poi','{}',false,true,NOW()),
  ('landmark','Landmark','place','poi','{}',false,true,NOW()),
  ('route','Route','route','travel',ARRAY['road','trade_route','river_route','sea_lane','mountain_pass','tunnel'],false,true,NOW())
ON CONFLICT (id) DO NOTHING;

-- Group Types

-- Species

-- Test Campaign: Drakkenheim
INSERT INTO "Campaign" (id, title, description, "createdAt") VALUES
  ('campaign-drakkenheim', 'Drakkenheim (test)', 'Test campaign: a ruined city blanketed in deliriite. Five factions fight for control.', NOW())
ON CONFLICT (id) DO NOTHING;
INSERT INTO "CampaignMember" (id, "campaignId", "userId", role, "joinedAt") VALUES
  (gen_random_uuid(), 'campaign-drakkenheim', 'user-gm', 'GM', NOW())
ON CONFLICT ("campaignId", "userId") DO NOTHING;

INSERT INTO "GroupType" (id, "campaignId", name, icon, description, "createdAt") VALUES
  ('faction','campaign-drakkenheim','Faction','flag','Political or military powers.',NOW()),
  ('guild','campaign-drakkenheim','Guild','handshake','Professional organisations.',NOW()),
  ('family','campaign-drakkenheim','Family','family_restroom','Blood-related or adopted kin.',NOW()),
  ('religion','campaign-drakkenheim','Religion','auto_awesome','Faiths, cults, and divine orders.',NOW()),
  ('criminal','campaign-drakkenheim','Criminal Org.','warning','Underworld syndicates.',NOW()),
  ('military','campaign-drakkenheim','Military / Order','military_tech','Armed forces and orders.',NOW()),
  ('academy','campaign-drakkenheim','Academy','school','Institutions of learning.',NOW()),
  ('secret','campaign-drakkenheim','Secret Society','visibility_off','Hidden organisations.',NOW())
ON CONFLICT (id) DO NOTHING;

INSERT INTO "Species" (id, "campaignId", name, "pluralName", type, size, "createdAt") VALUES
  ('species-human','campaign-drakkenheim','Human','Humans','humanoid','medium',NOW()),
  ('species-elf','campaign-drakkenheim','Elf','Elves','humanoid','medium',NOW()),
  ('species-dwarf','campaign-drakkenheim','Dwarf','Dwarves','humanoid','medium',NOW()),
  ('species-halfling','campaign-drakkenheim','Halfling','Halflings','humanoid','small',NOW()),
  ('species-gnome','campaign-drakkenheim','Gnome','Gnomes','humanoid','small',NOW()),
  ('species-orc','campaign-drakkenheim','Orc','Orcs','humanoid','medium',NOW()),
  ('species-goblin','campaign-drakkenheim','Goblin','Goblins','humanoid','small',NOW()),
  ('species-tiefling','campaign-drakkenheim','Tiefling','Tieflings','humanoid','medium',NOW()),
  ('species-dragonborn','campaign-drakkenheim','Dragonborn','Dragonborn','humanoid','medium',NOW())
ON CONFLICT (id) DO NOTHING;

-- Species Types
INSERT INTO "SpeciesType" (id, "campaignId", name, icon, "createdAt") VALUES
  ('stype-humanoid', 'campaign-drakkenheim', 'Humanoid', 'person', NOW()),
  ('stype-beast', 'campaign-drakkenheim', 'Beast', 'pets', NOW()),
  ('stype-undead', 'campaign-drakkenheim', 'Undead', 'skull', NOW()),
  ('stype-construct', 'campaign-drakkenheim', 'Construct', 'science', NOW()),
  ('stype-fey', 'campaign-drakkenheim', 'Fey', 'spa', NOW()),
  ('stype-fiend', 'campaign-drakkenheim', 'Fiend', 'local_fire_department', NOW()),
  ('stype-celestial', 'campaign-drakkenheim', 'Celestial', 'auto_awesome', NOW()),
  ('stype-dragon', 'campaign-drakkenheim', 'Dragon', 'diamond', NOW()),
  ('stype-elemental', 'campaign-drakkenheim', 'Elemental', 'thunderstorm', NOW()),
  ('stype-giant', 'campaign-drakkenheim', 'Giant', 'castle', NOW()),
  ('stype-monstrosity', 'campaign-drakkenheim', 'Monstrosity', 'bug_report', NOW()),
  ('stype-plant', 'campaign-drakkenheim', 'Plant', 'energy_savings_leaf', NOW()),
  ('stype-ooze', 'campaign-drakkenheim', 'Ooze', 'water_drop', NOW()),
  ('stype-aberration', 'campaign-drakkenheim', 'Aberration', 'psychology', NOW())
ON CONFLICT (id) DO NOTHING;

-- Groups
INSERT INTO "Group" (id, "campaignId", name, type, aliases, description, goals, symbols, "partyRelation", "createdAt", "updatedAt") VALUES ('faction-dk-lanterns', 'campaign-drakkenheim', 'The Hooded Lanterns', 'military', ARRAY['Фонари','Lanterns'], 'Охраняют Эмбервуд.', 'Восстановить Дракенхейм.', 'Фонарь', 'allied', NOW(), NOW()) ON CONFLICT (id) DO NOTHING;
INSERT INTO "Group" (id, "campaignId", name, type, aliases, description, goals, symbols, "partyRelation", "createdAt", "updatedAt") VALUES ('faction-dk-queens', 'campaign-drakkenheim', 'Queen''s Men', 'criminal', ARRAY['Люди Королевы'], 'Разбойники. Красный ромб.', 'Контроль.', 'Красный ромб', 'neutral', NOW(), NOW()) ON CONFLICT (id) DO NOTHING;
INSERT INTO "Group" (id, "campaignId", name, type, aliases, description, goals, symbols, "partyRelation", "createdAt", "updatedAt") VALUES ('faction-dk-amethyst', 'campaign-drakkenheim', 'The Amethyst Academy', 'academy', ARRAY['Аметистовая Академия'], 'Магическая организация.', 'Монополия на делириум.', 'Аметистовый кристалл', 'unknown', NOW(), NOW()) ON CONFLICT (id) DO NOTHING;
INSERT INTO "Group" (id, "campaignId", name, type, aliases, description, goals, symbols, "partyRelation", "createdAt", "updatedAt") VALUES ('faction-dk-flame', 'campaign-drakkenheim', 'The Followers of the Falling Fire', 'religion', ARRAY['Падшее Пламя'], 'Культ делириума.', 'Распространение культа.', 'Падающая звезда', 'hostile', NOW(), NOW()) ON CONFLICT (id) DO NOTHING;
INSERT INTO "Group" (id, "campaignId", name, type, aliases, description, goals, symbols, "partyRelation", "createdAt", "updatedAt") VALUES ('faction-dk-silver', 'campaign-drakkenheim', 'Knights of the Silver Order', 'military', ARRAY['Серебряный Орден'], 'Рыцари против делириума.', 'Уничтожение делириума.', 'Серебряный щит', 'neutral', NOW(), NOW()) ON CONFLICT (id) DO NOTHING;

-- NPCs (40)
INSERT INTO "NPC" (id, "campaignId", name, aliases, status, gender, age, species, "speciesId", appearance, personality, description, motivation, flaws, "gmNotes", "createdAt", "updatedAt") VALUES ('npc-drexel', 'campaign-drakkenheim', 'Elias Drexel', ARRAY['Элиас Дресель'], 'ALIVE', 'MALE', 47, 'Human', 'species-human', NULL, 'Военный до мозга костей: дисциплинирован, лаконичен, миссия прежде всего. Не говорит лишнего — каждое слово взвешено. Уважает тех, кто держит слово. Усталость от войны скрывает за строгим лицом.', 'Командор Фонарей (The Hooded Lanterns). Союзник партии.', NULL, NULL, NULL, NOW(), NOW()) ON CONFLICT (id) DO NOTHING;
INSERT INTO "NPCGroupMembership" (id, "npcId", "groupId", relation, subfaction) VALUES (gen_random_uuid(), 'npc-drexel', 'faction-dk-lanterns', 'Leader', NULL) ON CONFLICT ("npcId", "groupId") DO NOTHING;
INSERT INTO "NPC" (id, "campaignId", name, aliases, status, gender, age, species, "speciesId", appearance, personality, description, motivation, flaws, "gmNotes", "createdAt", "updatedAt") VALUES ('npc-ansom-lang', 'campaign-drakkenheim', 'Ansom Lang', ARRAY['Ансом Лэнг'], 'ALIVE', 'MALE', 28, 'Human', 'species-human', NULL, NULL, 'Член Фонарей. Хочет восстановить старый город, столицу и нацию. Брат Петры Лэнг. В сессии 5 попросил спасти сестру — выполнено в сессии 7.', NULL, NULL, NULL, NOW(), NOW()) ON CONFLICT (id) DO NOTHING;
INSERT INTO "NPCGroupMembership" (id, "npcId", "groupId", relation, subfaction) VALUES (gen_random_uuid(), 'npc-ansom-lang', 'faction-dk-lanterns', 'Member', NULL) ON CONFLICT ("npcId", "groupId") DO NOTHING;
INSERT INTO "NPC" (id, "campaignId", name, aliases, status, gender, age, species, "speciesId", appearance, personality, description, motivation, flaws, "gmNotes", "createdAt", "updatedAt") VALUES ('npc-petra-lang', 'campaign-drakkenheim', 'Petra Lang', ARRAY['Петра Лэнг'], 'ALIVE', 'FEMALE', 26, 'Human', 'species-human', NULL, NULL, 'Сестра Ансома Лэнга. Пропала в патруле, захвачена крысами. Спасена партией из Крысиного гнезда (сессия 7). Рассказала, что Аметисты скрывают секрет про Оскара Йорена.', NULL, NULL, NULL, NOW(), NOW()) ON CONFLICT (id) DO NOTHING;
INSERT INTO "NPCGroupMembership" (id, "npcId", "groupId", relation, subfaction) VALUES (gen_random_uuid(), 'npc-petra-lang', 'faction-dk-lanterns', 'Member', NULL) ON CONFLICT ("npcId", "groupId") DO NOTHING;
INSERT INTO "NPC" (id, "campaignId", name, aliases, status, gender, age, species, "speciesId", appearance, personality, description, motivation, flaws, "gmNotes", "createdAt", "updatedAt") VALUES ('npc-raine', 'campaign-drakkenheim', 'Raine Highlash', ARRAY['Рейн Харлаш'], 'ALIVE', 'FEMALE', 34, 'Human', 'species-human', NULL, NULL, 'Капитан дозора Фонарей в Часовой башне Эмбервуда. Первая встреча в сессии 1.', NULL, NULL, NULL, NOW(), NOW()) ON CONFLICT (id) DO NOTHING;
INSERT INTO "NPCGroupMembership" (id, "npcId", "groupId", relation, subfaction) VALUES (gen_random_uuid(), 'npc-raine', 'faction-dk-lanterns', 'Member', NULL) ON CONFLICT ("npcId", "groupId") DO NOTHING;
INSERT INTO "NPC" (id, "campaignId", name, aliases, status, gender, age, species, "speciesId", appearance, personality, description, motivation, flaws, "gmNotes", "createdAt", "updatedAt") VALUES ('npc-rosa-carver', 'campaign-drakkenheim', 'Rosa Carver', ARRAY['Роза Карвер'], 'HOSTILE', 'FEMALE', 36, 'Human', 'species-human', 'Рыжеволосая женщина-воин в тёмной броне.', 'Деловая и беспощадная — без лишних слов. Улыбается ровно столько, сколько нужно для сделки. Уважает силу и ненавидит сантименты. Никогда не угрожает дважды.', 'Босс «Розы и Шипов» — подгруппы Людей Королевы. База в Старом Имперском Пабе и Прогнутом ряду.', NULL, NULL, NULL, NOW(), NOW()) ON CONFLICT (id) DO NOTHING;
INSERT INTO "NPCGroupMembership" (id, "npcId", "groupId", relation, subfaction) VALUES (gen_random_uuid(), 'npc-rosa-carver', 'faction-dk-queens', 'Leader', 'Rose and Thorns') ON CONFLICT ("npcId", "groupId") DO NOTHING;
INSERT INTO "NPC" (id, "campaignId", name, aliases, status, gender, age, species, "speciesId", appearance, personality, description, motivation, flaws, "gmNotes", "createdAt", "updatedAt") VALUES ('npc-kristian-lam', 'campaign-drakkenheim', 'Kristian Lam', ARRAY['Кристиан Лам'], 'ALIVE', 'MALE', 42, 'Human', 'species-human', NULL, NULL, 'Босс «Раненых сердец» — подгруппы Людей Королевы. База в Дворце Сми и Прогнутом ряду. Полная фамилия неизвестна.', NULL, NULL, NULL, NOW(), NOW()) ON CONFLICT (id) DO NOTHING;
INSERT INTO "NPCGroupMembership" (id, "npcId", "groupId", relation, subfaction) VALUES (gen_random_uuid(), 'npc-kristian-lam', 'faction-dk-queens', 'Leader', 'Wounded Hearts') ON CONFLICT ("npcId", "groupId") DO NOTHING;
INSERT INTO "NPC" (id, "campaignId", name, aliases, status, gender, age, species, "speciesId", appearance, personality, description, motivation, flaws, "gmNotes", "createdAt", "updatedAt") VALUES ('npc-veronika-yad', 'campaign-drakkenheim', 'Veronika Yad', ARRAY['Вероника Яд','Veronica Poison'], 'ALIVE', 'FEMALE', 31, 'Human', 'species-human', 'Мрачная женщина с тёмными волосами.', NULL, 'Босс «Канализационных кобр» — подгруппы Людей Королевы. База в Прогнутом ряду. Встречена в сессии 17 в Потном Багбире.', NULL, NULL, NULL, NOW(), NOW()) ON CONFLICT (id) DO NOTHING;
INSERT INTO "NPCGroupMembership" (id, "npcId", "groupId", relation, subfaction) VALUES (gen_random_uuid(), 'npc-veronika-yad', 'faction-dk-queens', 'Leader', 'Sewer Cobras') ON CONFLICT ("npcId", "groupId") DO NOTHING;
INSERT INTO "NPC" (id, "campaignId", name, aliases, status, gender, age, species, "speciesId", appearance, personality, description, motivation, flaws, "gmNotes", "createdAt", "updatedAt") VALUES ('npc-serpenta', 'campaign-drakkenheim', 'Serpenta', ARRAY['Серпента'], 'ALIVE', 'FEMALE', 23, 'Human', 'species-human', 'Молодая женщина в чёрном плаще с капюшоном.', NULL, 'Канализационные кобры. Знакомая Вермиры.', NULL, NULL, NULL, NOW(), NOW()) ON CONFLICT (id) DO NOTHING;
INSERT INTO "NPCGroupMembership" (id, "npcId", "groupId", relation, subfaction) VALUES (gen_random_uuid(), 'npc-serpenta', 'faction-dk-queens', 'Member', 'Sewer Cobras') ON CONFLICT ("npcId", "groupId") DO NOTHING;
INSERT INTO "NPC" (id, "campaignId", name, aliases, status, gender, age, species, "speciesId", appearance, personality, description, motivation, flaws, "gmNotes", "createdAt", "updatedAt") VALUES ('npc-bufotenia', 'campaign-drakkenheim', 'Bufotenia', ARRAY['Буфотения'], 'ALIVE', 'FEMALE', NULL, 'Unknown', NULL, NULL, NULL, 'Канализационные кобры. В сессии 11 в Прогнутом ряду — глаза загораются красным, видит невидимое.', NULL, NULL, NULL, NOW(), NOW()) ON CONFLICT (id) DO NOTHING;
INSERT INTO "NPCGroupMembership" (id, "npcId", "groupId", relation, subfaction) VALUES (gen_random_uuid(), 'npc-bufotenia', 'faction-dk-queens', 'Member', 'Sewer Cobras') ON CONFLICT ("npcId", "groupId") DO NOTHING;
INSERT INTO "NPC" (id, "campaignId", name, aliases, status, gender, age, species, "speciesId", appearance, personality, description, motivation, flaws, "gmNotes", "createdAt", "updatedAt") VALUES ('npc-muskarina', 'campaign-drakkenheim', 'Muskarina', ARRAY['Мускарина'], 'ALIVE', 'FEMALE', NULL, 'Unknown', NULL, NULL, NULL, 'Канализационные кобры. Детали неизвестны.', NULL, NULL, NULL, NOW(), NOW()) ON CONFLICT (id) DO NOTHING;
INSERT INTO "NPCGroupMembership" (id, "npcId", "groupId", relation, subfaction) VALUES (gen_random_uuid(), 'npc-muskarina', 'faction-dk-queens', 'Member', 'Sewer Cobras') ON CONFLICT ("npcId", "groupId") DO NOTHING;
INSERT INTO "NPC" (id, "campaignId", name, aliases, status, gender, age, species, "speciesId", appearance, personality, description, motivation, flaws, "gmNotes", "createdAt", "updatedAt") VALUES ('npc-izrael', 'campaign-drakkenheim', 'Izrael', ARRAY['Израель','Israel'], 'ALIVE', 'MALE', 37, 'Human', 'species-human', NULL, NULL, 'Бармен в Старом Имперском Пабе. Роза и Шипы.', NULL, NULL, NULL, NOW(), NOW()) ON CONFLICT (id) DO NOTHING;
INSERT INTO "NPCGroupMembership" (id, "npcId", "groupId", relation, subfaction) VALUES (gen_random_uuid(), 'npc-izrael', 'faction-dk-queens', 'Member', 'Rose and Thorns') ON CONFLICT ("npcId", "groupId") DO NOTHING;
INSERT INTO "NPC" (id, "campaignId", name, aliases, status, gender, age, species, "speciesId", appearance, personality, description, motivation, flaws, "gmNotes", "createdAt", "updatedAt") VALUES ('npc-tilda', 'campaign-drakkenheim', 'Tilda', ARRAY['Тильда'], 'ALIVE', 'FEMALE', 178, 'Elf', 'species-elf', NULL, NULL, 'Эльфийка-официантка в Дворце Сми. Раненые сердца.', NULL, NULL, NULL, NOW(), NOW()) ON CONFLICT (id) DO NOTHING;
INSERT INTO "NPCGroupMembership" (id, "npcId", "groupId", relation, subfaction) VALUES (gen_random_uuid(), 'npc-tilda', 'faction-dk-queens', 'Member', 'Wounded Hearts') ON CONFLICT ("npcId", "groupId") DO NOTHING;
INSERT INTO "NPC" (id, "campaignId", name, aliases, status, gender, age, species, "speciesId", appearance, personality, description, motivation, flaws, "gmNotes", "createdAt", "updatedAt") VALUES ('npc-bloodhound', 'campaign-drakkenheim', 'Bloodhound', ARRAY['Бладхаунд'], 'ALIVE', 'MALE', 26, 'Tiefling', 'species-tiefling', 'Рогатый, темноватый персонаж.', NULL, 'Боец на арене в Прогнутом ряду. Базируется в Потном Багбире. Группа неизвестна.', NULL, NULL, NULL, NOW(), NOW()) ON CONFLICT (id) DO NOTHING;
INSERT INTO "NPCGroupMembership" (id, "npcId", "groupId", relation, subfaction) VALUES (gen_random_uuid(), 'npc-bloodhound', 'faction-dk-queens', 'Member', NULL) ON CONFLICT ("npcId", "groupId") DO NOTHING;
INSERT INTO "NPC" (id, "campaignId", name, aliases, status, gender, age, species, "speciesId", appearance, personality, description, motivation, flaws, "gmNotes", "createdAt", "updatedAt") VALUES ('npc-dorian', 'campaign-drakkenheim', 'Dorian Derzky', ARRAY['Дориан Дерзкий','Dorian the Bold'], 'ALIVE', 'MALE', 64, 'Human', 'species-human', 'Пожилой мужчина с седой бородой, видавший виды.', NULL, 'Боец на арене в Прогнутом ряду. Раненые сердца.', NULL, NULL, NULL, NOW(), NOW()) ON CONFLICT (id) DO NOTHING;
INSERT INTO "NPCGroupMembership" (id, "npcId", "groupId", relation, subfaction) VALUES (gen_random_uuid(), 'npc-dorian', 'faction-dk-queens', 'Member', 'Wounded Hearts') ON CONFLICT ("npcId", "groupId") DO NOTHING;
INSERT INTO "NPC" (id, "campaignId", name, aliases, status, gender, age, species, "speciesId", appearance, personality, description, motivation, flaws, "gmNotes", "createdAt", "updatedAt") VALUES ('npc-tony', 'campaign-drakkenheim', 'Tony', ARRAY['Тони'], 'ALIVE', 'MALE', 36, 'Human', 'species-human', 'Массивный, грузный, страшноватый на вид.', NULL, '«Вечно спящий охранник Тига» — охраняет кого-то по имени Тига. Прогнутый ряд. Группа неизвестна.', NULL, NULL, NULL, NOW(), NOW()) ON CONFLICT (id) DO NOTHING;
INSERT INTO "NPCGroupMembership" (id, "npcId", "groupId", relation, subfaction) VALUES (gen_random_uuid(), 'npc-tony', 'faction-dk-queens', 'Member', NULL) ON CONFLICT ("npcId", "groupId") DO NOTHING;
INSERT INTO "NPC" (id, "campaignId", name, aliases, status, gender, age, species, "speciesId", appearance, personality, description, motivation, flaws, "gmNotes", "createdAt", "updatedAt") VALUES ('npc-eldric', 'campaign-drakkenheim', 'Eldric Runeweaver', ARRAY['Элдрик Руноткач'], 'ALIVE', 'MALE', 53, 'Human', 'species-human', NULL, NULL, 'Руководит местным конклавом Аметистовой Академии. В башне во время падения метеорита находился главный маг с посохом (тем самым). Скрывает информацию об Оскаре Йорене.', NULL, NULL, 'Ключевая фигура тайны с Оскаром. Что он знает?', NOW(), NOW()) ON CONFLICT (id) DO NOTHING;
INSERT INTO "NPCGroupMembership" (id, "npcId", "groupId", relation, subfaction) VALUES (gen_random_uuid(), 'npc-eldric', 'faction-dk-amethyst', 'Leader', NULL) ON CONFLICT ("npcId", "groupId") DO NOTHING;
INSERT INTO "NPC" (id, "campaignId", name, aliases, status, gender, age, species, "speciesId", appearance, personality, description, motivation, flaws, "gmNotes", "createdAt", "updatedAt") VALUES ('npc-river', 'campaign-drakkenheim', 'River', ARRAY['Река'], 'ALIVE', 'FEMALE', 28, 'Tiefling', 'species-tiefling', NULL, 'Острая, закрытая, снисходительна к тем, кто ей нравится — и это почти комплимент. Говорит с ленцой, но слушает внимательно. Держит дистанцию и раздражается, когда её нарушают.', 'Тифлинг-варлок. Управляет отделением Аметистов в Эмбервуде. По ночам зависает в отдельной библиотеке Красного Льва. Прагматична как чёрт. Странно реагирует на имя Оскар Йорен. Поделилась точкой про Мельницу Эккермена. Отправляла телепатические сообщения.', NULL, NULL, 'Почему неприязнь к Йорену? Она что-то знает или сама замешана?', NOW(), NOW()) ON CONFLICT (id) DO NOTHING;
INSERT INTO "NPCGroupMembership" (id, "npcId", "groupId", relation, subfaction) VALUES (gen_random_uuid(), 'npc-river', 'faction-dk-amethyst', 'Member', NULL) ON CONFLICT ("npcId", "groupId") DO NOTHING;
INSERT INTO "NPC" (id, "campaignId", name, aliases, status, gender, age, species, "speciesId", appearance, personality, description, motivation, flaws, "gmNotes", "createdAt", "updatedAt") VALUES ('npc-sebastian', 'campaign-drakkenheim', 'Sebastian', ARRAY['Себастьян'], 'ALIVE', 'MALE', 24, 'Human', 'species-human', NULL, NULL, 'Ученик Оскара Йорена. Ушёл из Аметистовой Академии. Украл тома по вызову, некромантии и, возможно, трансмутации. Его перестали финансировать. Группа: Марко, Джемма, Таррин, Болтер, Копперпот.', NULL, NULL, 'Связан ли с заражёнными зельями? Куда ушёл после Академии?', NOW(), NOW()) ON CONFLICT (id) DO NOTHING;
INSERT INTO "NPC" (id, "campaignId", name, aliases, status, gender, age, species, "speciesId", appearance, personality, description, motivation, flaws, "gmNotes", "createdAt", "updatedAt") VALUES ('npc-oscar-yoren', 'campaign-drakkenheim', 'Oscar Yoren', ARRAY['Оскар Йорен','Оскар'], 'UNKNOWN', 'MALE', 52, 'Human', 'species-human', NULL, 'Параноик-гений. Работает в изоляции по собственному выбору. Никому не доверяет достаточно долго. Способен быть обаятельным, когда ему что-то нужно. Его исчезновение — не случайность.', 'Бывший? член Аметистовой Академии. Река знает где он — но молчит. Элдрик Руноткач скрывает информацию. Себастьян — его ученик. Иоганн Призроткач имел с ним дела. Связан с заражёнными зельями чистоты (квест Фонарей).', NULL, NULL, 'ЦЕНТРАЛЬНАЯ ТАЙНА КАМПАНИИ. Что скрывают Аметисты? Жив ли он вообще?', NOW(), NOW()) ON CONFLICT (id) DO NOTHING;
INSERT INTO "NPCGroupMembership" (id, "npcId", "groupId", relation, subfaction) VALUES (gen_random_uuid(), 'npc-oscar-yoren', 'faction-dk-amethyst', 'Member', NULL) ON CONFLICT ("npcId", "groupId") DO NOTHING;
INSERT INTO "NPC" (id, "campaignId", name, aliases, status, gender, age, species, "speciesId", appearance, personality, description, motivation, flaws, "gmNotes", "createdAt", "updatedAt") VALUES ('npc-ghostweaver', 'campaign-drakkenheim', 'Johann Ghostweaver', ARRAY['Иоганн Призроткач'], 'UNKNOWN', 'MALE', 63, 'Human', 'species-human', NULL, NULL, 'Научил Зою лечению от делириума. Имел дела с Оскаром Йореном. Партия его ещё не встречала — нужно найти.', NULL, NULL, 'Ключ к пониманию связи Зоя → Йорен. Где он сейчас?', NOW(), NOW()) ON CONFLICT (id) DO NOTHING;
INSERT INTO "NPC" (id, "campaignId", name, aliases, status, gender, age, species, "speciesId", appearance, personality, description, motivation, flaws, "gmNotes", "createdAt", "updatedAt") VALUES ('npc-katya-brown', 'campaign-drakkenheim', 'Katya Brown', ARRAY['Катя Браун','Tanya Brown'], 'ALIVE', 'FEMALE', 37, 'Human', 'species-human', NULL, NULL, 'Сокурсница Вермиры. Раньше была в Священном Пламени, но переметнулась к культистам после Резни Магов 15 лет назад. Культистка у Врат Чемпионов. В сессии 13 — отобрала с фанатиками Bag of Holding.', NULL, NULL, NULL, NOW(), NOW()) ON CONFLICT (id) DO NOTHING;
INSERT INTO "NPCGroupMembership" (id, "npcId", "groupId", relation, subfaction) VALUES (gen_random_uuid(), 'npc-katya-brown', 'faction-dk-flame', 'Member', NULL) ON CONFLICT ("npcId", "groupId") DO NOTHING;
INSERT INTO "NPC" (id, "campaignId", name, aliases, status, gender, age, species, "speciesId", appearance, personality, description, motivation, flaws, "gmNotes", "createdAt", "updatedAt") VALUES ('npc-lucretia', 'campaign-drakkenheim', 'Lucretia Mathias', ARRAY['Лукреция Матиас'], 'ALIVE', 'FEMALE', 44, 'Human', 'species-human', NULL, NULL, 'Возможно управляет культистами Падшего Пламени у Врат Чемпионов. Встречена в сессии 10.', NULL, NULL, NULL, NOW(), NOW()) ON CONFLICT (id) DO NOTHING;
INSERT INTO "NPCGroupMembership" (id, "npcId", "groupId", relation, subfaction) VALUES (gen_random_uuid(), 'npc-lucretia', 'faction-dk-flame', 'Leader', NULL) ON CONFLICT ("npcId", "groupId") DO NOTHING;
INSERT INTO "NPC" (id, "campaignId", name, aliases, status, gender, age, species, "speciesId", appearance, personality, description, motivation, flaws, "gmNotes", "createdAt", "updatedAt") VALUES ('npc-bryce-landry', 'campaign-drakkenheim', 'Sir Bryce Landry', ARRAY['Брайс Лендри','Bryce Landry'], 'ALIVE', 'MALE', 39, 'Human', 'species-human', NULL, NULL, 'Рыцарь Серебряного Ордена. Захарис его искал — нашли. Корвин попал ему Magic Missile в оба коленных чашечки (сессия 14).', NULL, NULL, NULL, NOW(), NOW()) ON CONFLICT (id) DO NOTHING;
INSERT INTO "NPCGroupMembership" (id, "npcId", "groupId", relation, subfaction) VALUES (gen_random_uuid(), 'npc-bryce-landry', 'faction-dk-silver', 'Member', NULL) ON CONFLICT ("npcId", "groupId") DO NOTHING;
INSERT INTO "NPC" (id, "campaignId", name, aliases, status, gender, age, species, "speciesId", appearance, personality, description, motivation, flaws, "gmNotes", "createdAt", "updatedAt") VALUES ('npc-tobias-crowe', 'campaign-drakkenheim', 'Tobias Crowe', ARRAY['Тобиас Кроу'], 'ALIVE', 'MALE', 44, 'Human', 'species-human', NULL, NULL, 'Владеет кузней Crowe and Sons в Эмбервуде. Вероятно отец Эммы Кроу. Дорого, но делают на заказ.', NULL, NULL, NULL, NOW(), NOW()) ON CONFLICT (id) DO NOTHING;
INSERT INTO "NPC" (id, "campaignId", name, aliases, status, gender, age, species, "speciesId", appearance, personality, description, motivation, flaws, "gmNotes", "createdAt", "updatedAt") VALUES ('npc-emma-crowe', 'campaign-drakkenheim', 'Emma Crowe', ARRAY['Эмма Кроу'], 'ALIVE', 'FEMALE', 11, 'Human', 'species-human', 'Рыжеволосая маленькая девочка. Супер энергичная.', NULL, 'Дочка кузнеца Тобиаса. За 1 gp проводит экскурсии по Эмбервуду. Знает слухи.', NULL, NULL, NULL, NOW(), NOW()) ON CONFLICT (id) DO NOTHING;
INSERT INTO "NPC" (id, "campaignId", name, aliases, status, gender, age, species, "speciesId", appearance, personality, description, motivation, flaws, "gmNotes", "createdAt", "updatedAt") VALUES ('npc-karin-alsberg', 'campaign-drakkenheim', 'Karin Alsberg', ARRAY['Карин Альцберг'], 'ALIVE', 'FEMALE', 42, 'Human', 'species-human', NULL, 'Практична и гостеприимна — без лишней теплоты. Всегда занята, редко сидит. Быстро распознаёт проблемы и решает их до того, как те выросли. Защищает гостей, но не терпит дебоширов.', 'Владелица Bark and Buzzard (Коршун и Ищейка). Есть муж Holger.', NULL, NULL, NULL, NOW(), NOW()) ON CONFLICT (id) DO NOTHING;
INSERT INTO "NPC" (id, "campaignId", name, aliases, status, gender, age, species, "speciesId", appearance, personality, description, motivation, flaws, "gmNotes", "createdAt", "updatedAt") VALUES ('npc-zoya', 'campaign-drakkenheim', 'Zoya', ARRAY['Зоя'], 'MISSING', 'FEMALE', 72, 'Human', 'species-human', NULL, 'Говорит полуправдами и намёками — не из вредности, а потому что так видит мир. Тихая, но с характером. Её молчание значит больше, чем слова других. Любит Патрикеевну как родную.', 'Старушка-отшельница, поклоняется Старым богам. Не любима в Эмбервуде. Продаёт янтарные шарики. Подруга Патрикеевны. Знает лечение от делириума (научил Иоганн Призроткач). В сессии 17 оказалась допельгангером Крадущего Мысли — настоящая Зоя неизвестно где.', NULL, NULL, 'Где настоящая Зоя? Зачем Крадущий Мысли за ней? Связь с Йореном через Призроткача.', NOW(), NOW()) ON CONFLICT (id) DO NOTHING;
INSERT INTO "NPC" (id, "campaignId", name, aliases, status, gender, age, species, "speciesId", appearance, personality, description, motivation, flaws, "gmNotes", "createdAt", "updatedAt") VALUES ('npc-aldor', 'campaign-drakkenheim', 'Aldor', ARRAY['Алдор','Алдор Великан','Джинн'], 'ALIVE', 'MALE', 1200, 'Djinn', NULL, NULL, 'Абсолютно транзакционен — ни тепла, ни злобы. Относится к смертным как к контрагентам. Терпелив ровно настолько, насколько выгодно. Сделки — его язык, угрозы — его пунктуация.', 'Джинн. Продаёт магические предметы на ночном рынке. Долг Корвина 500 gp за уничтоженный Bag of Holding — погашен в сессии 17 проклятым огненным мечом. Находится в астрале, нашёл скипетр — предложил обмен. По словам Людей Королевы — заточён в этом месте.', NULL, NULL, 'Скипетр в астрале — что это? Выгодна ли сделка?', NOW(), NOW()) ON CONFLICT (id) DO NOTHING;
INSERT INTO "NPC" (id, "campaignId", name, aliases, status, gender, age, species, "speciesId", appearance, personality, description, motivation, flaws, "gmNotes", "createdAt", "updatedAt") VALUES ('npc-orson', 'campaign-drakkenheim', 'Orson Fairweather', ARRAY['Орсон Фейрузер'], 'ALIVE', 'MALE', 40, 'Human', 'species-human', NULL, NULL, 'Торговец делириумом на ночном рынке. Маленький контейнер 4 gp, средний 10 gp, большой 20 gp. Партия продала ему делириум за 27 gp (сессия 5).', NULL, NULL, NULL, NOW(), NOW()) ON CONFLICT (id) DO NOTHING;
INSERT INTO "NPC" (id, "campaignId", name, aliases, status, gender, age, species, "speciesId", appearance, personality, description, motivation, flaws, "gmNotes", "createdAt", "updatedAt") VALUES ('npc-armin', 'campaign-drakkenheim', 'Armin Gainsbury', ARRAY['Армин Гейнсбери'], 'ALIVE', 'MALE', 38, 'Human', 'species-human', NULL, NULL, 'Торгует экипировкой для приключений на рынке Эмбервуда.', NULL, NULL, NULL, NOW(), NOW()) ON CONFLICT (id) DO NOTHING;
INSERT INTO "NPC" (id, "campaignId", name, aliases, status, gender, age, species, "speciesId", appearance, personality, description, motivation, flaws, "gmNotes", "createdAt", "updatedAt") VALUES ('npc-eren-marlow', 'campaign-drakkenheim', 'Eren Marlow', ARRAY['Эрен Марлоу'], 'ALIVE', 'MALE', 33, 'Human', 'species-human', NULL, NULL, 'Довёз партию до Эмбервуда в сессии 1. Продаёт базовые припасы на рынке. Работает ночью. Может познакомить с Армином Гейнсбери.', NULL, NULL, NULL, NOW(), NOW()) ON CONFLICT (id) DO NOTHING;
INSERT INTO "NPC" (id, "campaignId", name, aliases, status, gender, age, species, "speciesId", appearance, personality, description, motivation, flaws, "gmNotes", "createdAt", "updatedAt") VALUES ('npc-madam-rochelle', 'campaign-drakkenheim', 'Madam Rochelle', ARRAY['Мадам Рошель'], 'ALIVE', 'FEMALE', 52, 'Human', 'species-human', NULL, 'Рафинированная и наблюдательная. Видит всё, говорит — ничего лишнего. Держит нейтралитет как защитный щит. Умеет создать ощущение, что вы её единственный важный гость.', 'Управляет Gilded Lily (Позолоченная Лилия). Вечера открытых выступлений.', NULL, NULL, NULL, NOW(), NOW()) ON CONFLICT (id) DO NOTHING;
INSERT INTO "NPC" (id, "campaignId", name, aliases, status, gender, age, species, "speciesId", appearance, personality, description, motivation, flaws, "gmNotes", "createdAt", "updatedAt") VALUES ('npc-antoine-megara', 'campaign-drakkenheim', 'Antoine Megara', ARRAY['Антуан Мегара'], 'ALIVE', 'MALE', 46, 'Human', 'species-human', NULL, NULL, 'Богатый дворянин. Последователь Священного Пламени (не в составе фракции). Прибыл в Дракенхейм по заданию. Партия забрала у него 30 gp (сессия 12). Команда «Прекраснейший Дом Мегара».', NULL, NULL, NULL, NOW(), NOW()) ON CONFLICT (id) DO NOTHING;
INSERT INTO "NPC" (id, "campaignId", name, aliases, status, gender, age, species, "speciesId", appearance, personality, description, motivation, flaws, "gmNotes", "createdAt", "updatedAt") VALUES ('npc-endra-jansen', 'campaign-drakkenheim', 'Endra Jansen', ARRAY['Эндра Дженсен'], 'ALIVE', 'FEMALE', 27, 'Human', 'species-human', NULL, NULL, 'Из группы Рикарда Воса и Людвика вон Графа. Выжила после превращения Рикарда в монстра.', NULL, NULL, NULL, NOW(), NOW()) ON CONFLICT (id) DO NOTHING;
INSERT INTO "NPC" (id, "campaignId", name, aliases, status, gender, age, species, "speciesId", appearance, personality, description, motivation, flaws, "gmNotes", "createdAt", "updatedAt") VALUES ('npc-rikard-vos', 'campaign-drakkenheim', 'Rikard Vos', ARRAY['Рикард Восс'], 'DEAD', 'MALE', 31, 'Human', 'species-human', NULL, NULL, 'Первый монстр, которого встретила партия. Потрогал делириум на дороге и начал превращаться в монстра — ночью трансформировался окончательно. Из группы Людвика вон Графа и Эндры Дженсен.', NULL, NULL, NULL, NOW(), NOW()) ON CONFLICT (id) DO NOTHING;
INSERT INTO "NPC" (id, "campaignId", name, aliases, status, gender, age, species, "speciesId", appearance, personality, description, motivation, flaws, "gmNotes", "createdAt", "updatedAt") VALUES ('npc-ludwig', 'campaign-drakkenheim', 'Ludwig von Graff', ARRAY['Людвик вон Граф'], 'DEAD', 'MALE', 34, 'Human', 'species-human', NULL, NULL, 'Из группы Рикарда Воса и Эндры Дженсен. Погиб на Дороге к Эмбервуду.', NULL, NULL, NULL, NOW(), NOW()) ON CONFLICT (id) DO NOTHING;
INSERT INTO "NPC" (id, "campaignId", name, aliases, status, gender, age, species, "speciesId", appearance, personality, description, motivation, flaws, "gmNotes", "createdAt", "updatedAt") VALUES ('npc-kosta-stavros', 'campaign-drakkenheim', 'Kosta Stavros', ARRAY['Костос Старвос'], 'DEAD', 'MALE', 51, 'Human', 'species-human', NULL, NULL, 'Бывший владелец Red Lion Hotel. Убит допельгангером — подтверждено. В сессии 11 обнаружено, что он труп.', NULL, NULL, 'Допельгангер занял его место — кто-то ещё может быть заменён?', NOW(), NOW()) ON CONFLICT (id) DO NOTHING;
INSERT INTO "NPC" (id, "campaignId", name, aliases, status, gender, age, species, "speciesId", appearance, personality, description, motivation, flaws, "gmNotes", "createdAt", "updatedAt") VALUES ('npc-bogdan', 'campaign-drakkenheim', 'Bogdan', ARRAY['Богдан'], 'MISSING', 'MALE', 40, 'Human', 'species-human', NULL, NULL, 'Глава шайки, которая напала на партию в сессии 1. Сбежал во время встречи с монстром на дороге — забрал у кого-то кинжал. Где-то скрывается.', NULL, NULL, 'У кого кинжал? Что планирует?', NOW(), NOW()) ON CONFLICT (id) DO NOTHING;
INSERT INTO "NPC" (id, "campaignId", name, aliases, status, gender, age, species, "speciesId", appearance, personality, description, motivation, flaws, "gmNotes", "createdAt", "updatedAt") VALUES ('npc-mind-reaper', 'campaign-drakkenheim', 'Mind Reaper', ARRAY['Крадущий Мысли','Допельгангер','Зоя (ложная)'], 'MISSING', 'NONBINARY', NULL, 'Doppelganger', NULL, NULL, NULL, 'Допельгангер. Выдавал себя за Зою в Прогнутом ряду. Спугнут малой иллюзией — сбежал (сессия 17). Зачем притворялся Зоей? Связан ли с фракциями?', NULL, NULL, 'Кто его контролирует? Цель — похитить лечение от делириума?', NOW(), NOW()) ON CONFLICT (id) DO NOTHING;
INSERT INTO "NPC" (id, "campaignId", name, aliases, status, gender, age, species, "speciesId", appearance, personality, description, motivation, flaws, "gmNotes", "createdAt", "updatedAt") VALUES ('npc-chertyaka', 'campaign-drakkenheim', 'Чертяка', ARRAY['Chertyaka','Черт'], 'MISSING', 'MALE', 7, 'Horse', NULL, NULL, NULL, 'Конь Сая. С партией с первой сессии. Долго не приручался, но потеплел после часовни. Почти наверняка заражён дымкой Дракенхейма — долгое время провёл в/около города. В сессии 17 отпущен на север от Прогнутого ряда перед побегом. Местонахождение неизвестно.', NULL, NULL, '⚠️ Вероятно заражён делириумом. Что с ним будет? Мутирует?', NOW(), NOW()) ON CONFLICT (id) DO NOTHING;

-- Locations (24)
INSERT INTO "Location" (id, "campaignId", name, aliases, type, "settlementPopulation", biome, "parentLocationId", description, "gmNotes", "createdAt") VALUES ('loc-dk-region', 'campaign-drakkenheim', 'Drakkenheim Region', ARRAY['Регион Дракенхейма'], 'region', NULL, NULL, NULL, 'Регион вокруг разрушенного Дракенхейма. Заражён делириумом. Искажённые мутанты бродят по руинам.', NULL, NOW()) ON CONFLICT (id) DO NOTHING;
INSERT INTO "Location" (id, "campaignId", name, aliases, type, "settlementPopulation", biome, "parentLocationId", description, "gmNotes", "createdAt") VALUES ('loc-dk-emberwood-region', 'campaign-drakkenheim', 'Emberwood Village Region', ARRAY['Регион Эмбервуда'], 'region', NULL, NULL, NULL, 'Регион вокруг Эмбервуда — относительно безопасная зона вдали от делириума.', NULL, NOW()) ON CONFLICT (id) DO NOTHING;
INSERT INTO "Location" (id, "campaignId", name, aliases, type, "settlementPopulation", biome, "parentLocationId", description, "gmNotes", "createdAt") VALUES ('loc-dk-road', 'campaign-drakkenheim', 'Road to Emberwood', ARRAY['Дорога в Эмбервуд'], 'district', NULL, NULL, 'loc-dk-emberwood-region', 'Дорога в Эмбервуд — место первой встречи с делириумом. Здесь Рикард Вос прикоснулся к осколку и превратился в монстра. Богдан сбежал по этой дороге.', NULL, NOW()) ON CONFLICT (id) DO NOTHING;
INSERT INTO "Location" (id, "campaignId", name, aliases, type, "settlementPopulation", biome, "parentLocationId", description, "gmNotes", "createdAt") VALUES ('loc-dk-zoya-house', 'campaign-drakkenheim', 'Zoya House', ARRAY['Домик Зои'], 'building', NULL, NULL, 'loc-dk-emberwood-region', 'Небольшой домик отшельницы Зои за пределами деревни. Её не жалуют в Эмбервуде. Продаёт янтарные шарики, поклоняется Старым богам. Знает лечение от заражения делириумом через Иоганна Призроткача.', NULL, NOW()) ON CONFLICT (id) DO NOTHING;
INSERT INTO "Location" (id, "campaignId", name, aliases, type, "settlementPopulation", biome, "parentLocationId", description, "gmNotes", "createdAt") VALUES ('loc-dk-emberwood', 'campaign-drakkenheim', 'Emberwood Village', ARRAY['Эмбервуд','Emberwood'], 'village', 340, NULL, 'loc-dk-emberwood-region', 'Стартовая деревня, база партии. В раздрае, но относительно безопасна.', NULL, NOW()) ON CONFLICT (id) DO NOTHING;
INSERT INTO "Location" (id, "campaignId", name, aliases, type, "settlementPopulation", biome, "parentLocationId", description, "gmNotes", "createdAt") VALUES ('loc-dk-marketplace', 'campaign-drakkenheim', 'Marketplace', ARRAY['Рынок в Эмбервуд','Emberwood City Centre'], 'district', NULL, NULL, 'loc-dk-emberwood', 'Рынок в центре Эмбервуда. Работает с 10 утра. Ночные торговцы: Эрен Марлоу (припасы), Алдор (магические предметы), Орсон Фейруэзер (делириум и контейнеры).', NULL, NOW()) ON CONFLICT (id) DO NOTHING;
INSERT INTO "Location" (id, "campaignId", name, aliases, type, "settlementPopulation", biome, "parentLocationId", description, "gmNotes", "createdAt") VALUES ('loc-dk-bark', 'campaign-drakkenheim', 'Bark and Buzzard', ARRAY['Коршун и Ищейка'], 'building', NULL, NULL, 'loc-dk-emberwood', 'Рекомендованная таверна. Еда 1gp, домик 2gp за человека. Хозяйка — Карин Альсберг.', NULL, NOW()) ON CONFLICT (id) DO NOTHING;
INSERT INTO "Location" (id, "campaignId", name, aliases, type, "settlementPopulation", biome, "parentLocationId", description, "gmNotes", "createdAt") VALUES ('loc-dk-skull', 'campaign-drakkenheim', 'Skull and Sword Taphouse', ARRAY['Меч и Череп'], 'building', NULL, NULL, 'loc-dk-emberwood', 'Таверна Людей Королевы. Подозрительная атмосфера. Место для контактов с Queen''s Men.', NULL, NOW()) ON CONFLICT (id) DO NOTHING;
INSERT INTO "Location" (id, "campaignId", name, aliases, type, "settlementPopulation", biome, "parentLocationId", description, "gmNotes", "createdAt") VALUES ('loc-dk-red-lion', 'campaign-drakkenheim', 'Red Lion Hotel', ARRAY['Красный Лев'], 'building', NULL, NULL, 'loc-dk-emberwood', 'Дорогущий люксовый отель. Ночь: 25gp, бутылка вина: 100gp. Владелец — Коста Ставрос (теперь мёртв). Река (Аметисты) проводит вечера в отдельной библиотеке.', NULL, NOW()) ON CONFLICT (id) DO NOTHING;
INSERT INTO "Location" (id, "campaignId", name, aliases, type, "settlementPopulation", biome, "parentLocationId", description, "gmNotes", "createdAt") VALUES ('loc-dk-gilded-lily', 'campaign-drakkenheim', 'Gilded Lily', ARRAY['Позолоченная Лилия'], 'building', NULL, NULL, 'loc-dk-emberwood', 'Приятная таверна с музыкальными вечерами. Грог 1gp. Открытый вечер Микра. Владелица — Мадам Рошель.', NULL, NOW()) ON CONFLICT (id) DO NOTHING;
INSERT INTO "Location" (id, "campaignId", name, aliases, type, "settlementPopulation", biome, "parentLocationId", description, "gmNotes", "createdAt") VALUES ('loc-dk-smithy', 'campaign-drakkenheim', 'Crowe and Sons Smithy', ARRAY['Кузня Кроу'], 'building', NULL, NULL, 'loc-dk-emberwood', 'Кузня Тобиаса Кроу. Дорогая, но делают на заказ.', NULL, NOW()) ON CONFLICT (id) DO NOTHING;
INSERT INTO "Location" (id, "campaignId", name, aliases, type, "settlementPopulation", biome, "parentLocationId", description, "gmNotes", "createdAt") VALUES ('loc-dk-chapel', 'campaign-drakkenheim', 'Chapel of Saint Ardenna', ARRAY['Часовня Святой Арденны'], 'building', NULL, NULL, 'loc-dk-emberwood', 'База Рыцарей Серебряного Ордена в Эмбервуде. Центр Священного Пламени.', NULL, NOW()) ON CONFLICT (id) DO NOTHING;
INSERT INTO "Location" (id, "campaignId", name, aliases, type, "settlementPopulation", biome, "parentLocationId", description, "gmNotes", "createdAt") VALUES ('loc-dk-watchtower', 'campaign-drakkenheim', 'Emberwood Watchtower', ARRAY['Часовая Башня','Башня фонарей'], 'building', NULL, NULL, 'loc-dk-emberwood', 'Башня Капюшонных Фонарей — самая высокая постройка в деревне. Охрана у моста, проверка на заражение делириумом. Капитан дозора — Рейн Хайлэш.', NULL, NOW()) ON CONFLICT (id) DO NOTHING;
INSERT INTO "Location" (id, "campaignId", name, aliases, type, "settlementPopulation", biome, "parentLocationId", description, "gmNotes", "createdAt") VALUES ('loc-dk-old-rattlecan', 'campaign-drakkenheim', 'Old Rattlecan', ARRAY['Старый Трещот'], 'building', NULL, NULL, 'loc-dk-emberwood', 'Анимированные доспехи на заднем дворе "Коршуна и Ищейки". Местное развлечение. В сессии 3 местные полезли к нему — Патрикеевна получила по лицу. Кто его создал — неизвестно.', NULL, NOW()) ON CONFLICT (id) DO NOTHING;
INSERT INTO "Location" (id, "campaignId", name, aliases, type, "settlementPopulation", biome, "parentLocationId", description, "gmNotes", "createdAt") VALUES ('loc-dk-eckerman-mill', 'campaign-drakkenheim', 'Eckerman Mill', ARRAY['Мельница Эккермена'], 'building', NULL, NULL, 'loc-dk-region', 'Мельница за пределами Дракенхейма и Эмбервуда. Река когда-то предлагала встретиться здесь. Рядом — заброшенный особняк, место встречи с подозрительной личностью, продающей заражённые зелья (квест Фонарей).', NULL, NOW()) ON CONFLICT (id) DO NOTHING;
INSERT INTO "Location" (id, "campaignId", name, aliases, type, "settlementPopulation", biome, "parentLocationId", description, "gmNotes", "createdAt") VALUES ('loc-dk-city', 'campaign-drakkenheim', 'Drakkenheim', ARRAY['Дракенхейм','Драккенхейм'], 'city', 40000, NULL, 'loc-dk-region', 'Разрушенный город. Место падения метеорита с делириумом. Крайне опасно: заражение, монстры, Искажённые. Река Дран — граница безопасной зоны.', NULL, NOW()) ON CONFLICT (id) DO NOTHING;
INSERT INTO "Location" (id, "campaignId", name, aliases, type, "settlementPopulation", biome, "parentLocationId", description, "gmNotes", "createdAt") VALUES ('loc-dk-house-copperpot', 'campaign-drakkenheim', 'House with Copperpot''s Corpse', ARRAY['Домик с трупом Копперпота'], 'building', NULL, NULL, 'loc-dk-city', 'Место в Дракенхейме с трупом Коксворда Б. Копперпота. Содержит: нерабочий круг телепортации, скрытую записку на неизвестном языке (не расшифрована), надпись на стене.', NULL, NOW()) ON CONFLICT (id) DO NOTHING;
INSERT INTO "Location" (id, "campaignId", name, aliases, type, "settlementPopulation", biome, "parentLocationId", description, "gmNotes", "createdAt") VALUES ('loc-dk-champions-gate', 'campaign-drakkenheim', 'Champion''s Gate', ARRAY['Врата Чемпионов'], 'building', NULL, NULL, 'loc-dk-city', 'Врата в Дракенхейме — место тусовки культистов Падшего Пламени. Здесь обосновалась Лукреция Матиас.', NULL, NOW()) ON CONFLICT (id) DO NOTHING;
INSERT INTO "Location" (id, "campaignId", name, aliases, type, "settlementPopulation", biome, "parentLocationId", description, "gmNotes", "createdAt") VALUES ('loc-dk-bent-row', 'campaign-drakkenheim', 'Bent Row', ARRAY['Прогнутый ряд'], 'district', NULL, NULL, 'loc-dk-city', 'Подземный район Дракенхейма в Районе Спицы за Крысиным гнездом. Логово нескольких группировок Queen''s Men: Собаки, Катакомбные Кобры, Роза и Шипы, Карта-Бубен и Штыри, Раненые Сердца.', NULL, NOW()) ON CONFLICT (id) DO NOTHING;
INSERT INTO "Location" (id, "campaignId", name, aliases, type, "settlementPopulation", biome, "parentLocationId", description, "gmNotes", "createdAt") VALUES ('loc-dk-rat-nest', 'campaign-drakkenheim', 'Rat Nest', ARRAY['Крысиное гнездо'], 'dungeon', NULL, NULL, 'loc-dk-city', 'Гнездо крыс в руинах Дракенхейма. Здесь была заперта Петра Лэнг. Зачищено партией.', NULL, NOW()) ON CONFLICT (id) DO NOTHING;
INSERT INTO "Location" (id, "campaignId", name, aliases, type, "settlementPopulation", biome, "parentLocationId", description, "gmNotes", "createdAt") VALUES ('loc-dk-old-imperial-pub', 'campaign-drakkenheim', 'Old Imperial Pub', ARRAY['Старый Имперский Паб'], 'building', NULL, NULL, 'loc-dk-bent-row', 'Подземная таверна в Прогнутом ряду. База группы «Роза и Шипы» Людей Королевы. Владеет Роза Карвер, бармен — Израэль.', NULL, NOW()) ON CONFLICT (id) DO NOTHING;
INSERT INTO "Location" (id, "campaignId", name, aliases, type, "settlementPopulation", biome, "parentLocationId", description, "gmNotes", "createdAt") VALUES ('loc-dk-sweaty-bugbear', 'campaign-drakkenheim', 'Sweaty Bugbear', ARRAY['Трактир Потный Багбир'], 'building', NULL, NULL, 'loc-dk-bent-row', 'Подземная таверна в Прогнутом ряду. Место Вероники Яд. Здесь партии дали бесплатный стейк как извинение. Патрикеевна попала дротиком в гнома, привязанного к мишени.', NULL, NOW()) ON CONFLICT (id) DO NOTHING;
INSERT INTO "Location" (id, "campaignId", name, aliases, type, "settlementPopulation", biome, "parentLocationId", description, "gmNotes", "createdAt") VALUES ('loc-dk-smis-palace', 'campaign-drakkenheim', 'Smi''s Palace', ARRAY['Дворец Сми'], 'building', NULL, NULL, 'loc-dk-bent-row', 'Подземное заведение в Прогнутом ряду. База группы «Раненые Сердца» Людей Королевы. Хозяин — Кристиан Лам, официантка-эльфийка Тильда. Партия ночевала здесь после сессии 15.', NULL, NOW()) ON CONFLICT (id) DO NOTHING;
INSERT INTO "Location" (id, "campaignId", name, aliases, type, "settlementPopulation", biome, "parentLocationId", description, "gmNotes", "createdAt") VALUES ('loc-dk-arena', 'campaign-drakkenheim', 'Arena', ARRAY['Подземная Арена'], 'dungeon', NULL, NULL, 'loc-dk-bent-row', 'Большая подземная арена в канализации под Прогнутым рядом. Пол в крови и грязи, скамейки для ~40 зрителей, боевое кольцо с деревянными баррикадами, VIP-площадка. Организатор — Булл (обезображенное лицо, один слепой глаз). Ставки принимает полурослик Рокки.', NULL, NOW()) ON CONFLICT (id) DO NOTHING;

-- Sessions (0)

-- Quests (6)
INSERT INTO "Quest" (id, "campaignId", title, description, "giverId", reward, status, notes, "createdAt") VALUES ('q-dk-1', 'campaign-drakkenheim', 'Find Oscar Yoren', 'The Amethyst Academy is hiding something about Oscar Yoren.', NULL, NULL, 'UNDISCOVERED', 'What are the Amethysts concealing?', NOW()) ON CONFLICT (id) DO NOTHING;
INSERT INTO "Quest" (id, "campaignId", title, description, "giverId", reward, status, notes, "createdAt") VALUES ('q-dk-2', 'campaign-drakkenheim', 'Decipher Copperpot''s Note', 'A note found on Copperpot''s corpse written in an unknown language.', 'npc-rosa-carver', NULL, 'UNDISCOVERED', '', NOW()) ON CONFLICT (id) DO NOTHING;
INSERT INTO "Quest" (id, "campaignId", title, description, "giverId", reward, status, notes, "createdAt") VALUES ('q-dk-3', 'campaign-drakkenheim', 'Find Johann Ghostweaver', 'Who is Johann Ghostweaver and how is he connected to Oscar Yoren?', NULL, NULL, 'UNDISCOVERED', '', NOW()) ON CONFLICT (id) DO NOTHING;
INSERT INTO "Quest" (id, "campaignId", title, description, "giverId", reward, status, notes, "createdAt") VALUES ('q-dk-4', 'campaign-drakkenheim', 'Hooded Lanterns Quest — Infected Potions', 'A quest from the Hooded Lanterns involving infected potions at the estate near Eckerman Mill.', 'npc-karin-alsberg', NULL, 'ACTIVE', 'Estate near Eckerman Mill. Not yet visited.', NOW()) ON CONFLICT (id) DO NOTHING;
INSERT INTO "Quest" (id, "campaignId", title, description, "giverId", reward, status, notes, "createdAt") VALUES ('q-dk-5', 'campaign-drakkenheim', 'Contact Black Jack', 'Black Jack at the Hanging Lock tavern — a contact from the Queen''s Men.', 'npc-madam-rochelle', NULL, 'ACTIVE', 'Tiflings ''Deceit and Lies'' mentioned Black Jack can offer work for the Queen.', NOW()) ON CONFLICT (id) DO NOTHING;
INSERT INTO "Quest" (id, "campaignId", title, description, "giverId", reward, status, notes, "createdAt") VALUES ('q-dk-6', 'campaign-drakkenheim', 'Retrieve Aldor''s Research', 'Aldor had collected field notes on Haze mutation patterns in the Outer City. His research was stored at the Red Lion Hotel.', 'npc-aldor', NULL, 'UNAVAILABLE', 'Aldor was killed by the Mind Reaper. The Red Lion is still accessible — research may still be there.', NOW()) ON CONFLICT (id) DO NOTHING;

-- Player Characters (4)
INSERT INTO "PlayerCharacter" (id, "campaignId", "userId", name, gender, age, species, "speciesId", class, appearance, background, personality, motivation, bonds, flaws, "gmNotes", "createdAt", "updatedAt") VALUES ('char-korvin', 'campaign-drakkenheim', 'user-gm', 'Korvin', 'MALE', 22, 'Human', 'species-human', 'Wizard', NULL, NULL, NULL, NULL, NULL, NULL, '', NOW(), NOW()) ON CONFLICT (id) DO NOTHING;
INSERT INTO "PlayerCharacter" (id, "campaignId", "userId", name, gender, age, species, "speciesId", class, appearance, background, personality, motivation, bonds, flaws, "gmNotes", "createdAt", "updatedAt") VALUES ('char-vermira', 'campaign-drakkenheim', 'user-gm', 'Vermira', 'FEMALE', 68, 'Dwarf', 'species-dwarf', 'Paladin', NULL, NULL, NULL, NULL, NULL, NULL, '', NOW(), NOW()) ON CONFLICT (id) DO NOTHING;
INSERT INTO "PlayerCharacter" (id, "campaignId", "userId", name, gender, age, species, "speciesId", class, appearance, background, personality, motivation, bonds, flaws, "gmNotes", "createdAt", "updatedAt") VALUES ('char-sai', 'campaign-drakkenheim', 'user-gm', 'Sai', 'NONBINARY', 194, 'Elf', 'species-elf', NULL, NULL, NULL, NULL, NULL, NULL, NULL, '', NOW(), NOW()) ON CONFLICT (id) DO NOTHING;
INSERT INTO "PlayerCharacter" (id, "campaignId", "userId", name, gender, age, species, "speciesId", class, appearance, background, personality, motivation, bonds, flaws, "gmNotes", "createdAt", "updatedAt") VALUES ('char-patrikeyevna', 'campaign-drakkenheim', 'user-gm', 'Patrikeyevna', 'FEMALE', 35, NULL, NULL, 'Monk', NULL, NULL, NULL, NULL, NULL, NULL, '', NOW(), NOW()) ON CONFLICT (id) DO NOTHING;
